day,label,n,first,last_start,last_end,span_min,src_ips,dst_ips,dst_ports,median_gap_s,top_gaps_min,bursts_gap>60s,bursts_gap>300s,bursts_gap>900s
friday,Botnet,736,2017-07-07 13:04:13.990571022,2017-07-07 14:02:02.808963060,2017-07-07 14:02:02.903736115,57.81363986730575,5,1,1,2.060575008392334,"1.2, 1.2, 1.2",7,1,1
friday,Botnet - Attempted,4067,2017-07-07 14:03:14.356592894,2017-07-07 20:01:12.727507114,2017-07-07 20:01:21.730729103,357.97284857034686,5,1,1,0.4974404573440552,"1.5, 1.5, 1.5",209,1,1
friday,Portscan,159066,2017-07-07 16:55:32.117089987,2017-07-07 18:23:53.256234884,2017-07-07 18:24:01.699237823,88.35231908162434,1,1,1001,3.695487976074219e-05,"35.7, 13.4, 7.2",9,5,2
friday,DDoS,95144,2017-07-07 18:56:31.796936989,2017-07-07 19:16:10.645771027,2017-07-07 19:16:12.217065811,19.647480567296345,1,1,1,4.9114227294921875e-05,"0.0, 0.0, 0.0",1,1,1
thursday,Web Attack - Brute Force - Attempted,1292,2017-07-06 12:15:54.880048990,2017-07-06 13:00:10.400480032,2017-07-06 13:00:11.622209072,44.258673850695295,1,1,1,1.278162956237793,"2.4, 1.9, 1.0",3,1,1
thursday,Web Attack - Brute Force,73,2017-07-06 12:19:27.660566092,2017-07-06 12:59:41.197757006,2017-07-06 13:00:11.622154951,40.22561984856923,1,1,1,32.88964009284973,"1.9, 0.6, 0.6",2,1,1
thursday,Web Attack - XSS - Attempted,655,2017-07-06 13:15:35.283859015,2017-07-06 13:35:21.109335899,2017-07-06 13:35:21.341703892,19.7637579480807,1,1,1,1.293571949005127,"0.4, 0.3, 0.1",1,1,1
thursday,Web Attack - XSS,18,2017-07-06 13:16:16.603214025,2017-07-06 13:34:28.136240959,2017-07-06 13:35:21.341703892,18.192217115561167,1,1,1,64.47642111778259,"1.1, 1.1, 1.1",17,1,1
thursday,Web Attack - SQL Injection - Attempted,5,2017-07-06 13:35:27.852813959,2017-07-06 13:35:45.720612049,2017-07-06 13:35:45.754510164,0.297796634833018,1,1,1,2.9740869998931885,"0.2, 0.1, 0.0",1,1,1
thursday,Web Attack - SQL Injection,13,2017-07-06 13:35:45.732949972,2017-07-06 13:42:50.310627937,2017-07-06 13:42:55.320283890,7.076294632752736,1,1,1,12.748391509056091,"4.4, 0.6, 0.6",2,1,1
thursday,Infiltration - Portscan,71767,2017-07-06 17:00:31.706754923,2017-07-06 18:46:04.331747055,2017-07-06 18:46:04.331750154,105.54374986886978,2,11,1102,4.8160552978515625e-05,"32.8, 31.4, 1.8",8,3,3
thursday,Infiltration - Attempted,45,2017-07-06 17:13:48.830533028,2017-07-06 20:02:18.410784960,2017-07-06 20:02:19.347892046,168.49300419886907,3,1,1,10.00074291229248,"117.9, 19.9, 15.3",5,5,4
thursday,Infiltration,36,2017-07-06 17:19:02.547209978,2017-07-06 18:44:24.375292063,2017-07-06 18:46:09.364731073,85.3638013680776,2,1,1,124.72473096847534,"10.8, 9.5, 4.6",30,3,1
tuesday,FTP-Patator - Attempted,12,2017-07-04 12:17:52.838272095,2017-07-04 12:24:34.048803091,2017-07-04 12:24:34.089353085,6.686842183272044,1,1,1,0.0026519298553466797,"5.1, 1.6, 0.0",3,2,1
tuesday,FTP-Patator,3972,2017-07-04 12:19:20.152476072,2017-07-04 13:20:13.627944946,2017-07-04 13:20:17.175200939,60.891257814566295,1,1,1,0.20752692222595215,"0.2, 0.2, 0.2",1,1,1
tuesday,SSH-Patator,2961,2017-07-04 17:09:01.049616098,2017-07-04 19:04:15.353689909,2017-07-04 19:04:19.018486023,115.2384012301763,1,1,1,0.4987325668334961,"52.9, 0.6, 0.4",2,2,2
tuesday,SSH-Patator - Attempted,27,2017-07-04 17:30:10.220179081,2017-07-04 18:09:06.297230959,2017-07-04 18:09:06.337857008,38.934617531299594,1,1,1,0.44122445583343506,"16.9, 16.3, 3.9",5,3,3
wednesday,DoS Slowloris - Attempted,1847,2017-07-05 12:48:46.211817026,2017-07-05 13:10:34.560235023,2017-07-05 13:11:18.500956058,21.805806966622672,1,1,1,0.1522890329360962,"0.6, 0.3, 0.3",1,1,1
wednesday,DoS Slowloris,3859,2017-07-05 12:48:54.539220095,2017-07-05 13:10:11.354290962,2017-07-05 13:11:02.609409094,21.280251181125642,1,1,1,0.0003600120544433594,"0.2, 0.1, 0.1",1,1,1
wednesday,DoS Slowhttptest,1740,2017-07-05 13:15:37.936810017,2017-07-05 13:35:18.764957905,2017-07-05 13:36:04.416698933,19.680469131469728,1,1,1,0.005211830139160156,"2.9, 2.5, 1.2",4,1,1
wednesday,DoS Slowhttptest - Attempted,3368,2017-07-05 13:15:38.709208012,2017-07-05 13:37:49.330189943,2017-07-05 13:37:49.331516981,22.177016365528107,1,1,1,0.0051729679107666016,"6.3, 3.0, 2.9",6,2,1
wednesday,DoS Hulk,158468,2017-07-05 13:43:23.194704056,2017-07-05 14:01:34.512067080,2017-07-05 14:01:43.402013063,18.188622717062632,1,1,1,0.0009860992431640625,"0.9, 0.3, 0.3",1,1,1
wednesday,DoS Hulk - Attempted,581,2017-07-05 13:44:26.848472118,2017-07-05 14:07:21.326170921,2017-07-05 14:07:21.328058004,22.9079616467158,1,1,1,2.5987625122070312e-05,"5.3, 2.2, 1.9",9,2,1
wednesday,DoS GoldenEye,7567,2017-07-05 14:10:03.231753111,2017-07-05 14:19:49.515444994,2017-07-05 14:20:08.915717840,9.77139486471812,1,1,1,0.0005639791488647461,"3.2, 0.3, 0.3",2,1,1
wednesday,DoS GoldenEye - Attempted,80,2017-07-05 14:10:03.272375107,2017-07-05 14:11:34.247394085,2017-07-05 14:11:34.249481916,1.5162503163019816,1,1,1,0.00043010711669921875,"1.2, 0.1, 0.1",2,1,1
wednesday,Heartbleed,11,2017-07-05 18:12:15.650810957,2017-07-05 18:32:18.242050886,2017-07-05 18:32:43.294454813,20.04318733215332,1,1,1,120.25513637065887,"2.0, 2.0, 2.0",11,1,1
