stratum,train_size,val_size,test_size,purged_size,train_min,train_max,val_min,val_max,test_min,test_max
friday|BENIGN,161137,40114,86563,730,2017-07-07 11:59:50.315194845,2017-07-07 16:37:26.679666996,2017-07-07 16:37:26.711344957,2017-07-07 17:40:44.907395124,2017-07-07 17:40:44.920961142,2017-07-07 20:02:40.977797985
friday|Botnet,412,103,221,0,2017-07-07 13:04:13.990571022,2017-07-07 13:42:36.460783005,2017-07-07 13:42:36.729058027,2017-07-07 13:45:29.957201004,2017-07-07 13:45:30.340636015,2017-07-07 14:02:02.808963060
friday|Botnet - Attempted,2278,569,1220,0,2017-07-07 14:03:14.356592894,2017-07-07 17:05:14.055586100,2017-07-07 17:05:14.154501200,2017-07-07 17:50:41.875480175,2017-07-07 17:50:42.238927126,2017-07-07 20:01:12.727506876
friday|DDoS,52760,12812,28543,1029,2017-07-07 18:56:31.796936989,2017-07-07 19:07:34.600815058,2017-07-07 19:07:38.629024982,2017-07-07 19:10:22.099211931,2017-07-07 19:10:22.957072973,2017-07-07 19:16:10.645771027
friday|Portscan,89075,22267,47720,4,2017-07-07 16:55:32.117089987,2017-07-07 17:54:54.620301008,2017-07-07 17:54:54.620384932,2017-07-07 17:55:24.796648026,2017-07-07 17:55:24.796759129,2017-07-07 18:23:53.256235123
monday|BENIGN,207902,51627,111486,606,2017-07-03 11:55:58.598308086,2017-07-03 16:02:29.451322079,2017-07-03 16:02:29.579888821,2017-07-03 17:14:19.903263092,2017-07-03 17:14:20.289410114,2017-07-03 20:01:34.352592945
thursday|BENIGN,161096,40013,86451,611,2017-07-06 11:59:00.490139961,2017-07-06 16:59:10.933336020,2017-07-06 16:59:10.939764023,2017-07-06 17:59:49.251574039,2017-07-06 17:59:49.751300097,2017-07-06 20:04:36.513760090
thursday|Infiltration,20,5,11,0,2017-07-06 17:19:02.547209978,2017-07-06 18:04:25.514724015,2017-07-06 18:07:13.896300077,2017-07-06 18:16:40.210757971,2017-07-06 18:19:14.897480965,2017-07-06 18:44:24.375291824
thursday|Infiltration - Attempted,25,6,14,0,2017-07-06 17:13:48.830533028,2017-07-06 18:01:15.940400839,2017-07-06 18:01:25.941371918,2017-07-06 18:02:15.945178032,2017-07-06 18:02:25.946023941,2017-07-06 20:02:18.410784960
thursday|Infiltration - Portscan,40188,10040,21530,9,2017-07-06 17:00:31.706755161,2017-07-06 18:28:44.339527845,2017-07-06 18:28:44.339546204,2017-07-06 18:32:27.855787039,2017-07-06 18:32:27.855901003,2017-07-06 18:46:04.331747055
thursday|Web Attack - Brute Force,40,9,22,2,2017-07-06 12:19:27.660566092,2017-07-06 12:41:54.374223948,2017-07-06 12:43:00.329722166,2017-07-06 12:47:17.491276026,2017-07-06 12:48:23.332066059,2017-07-06 12:59:41.197757006
thursday|Web Attack - Brute Force - Attempted,720,178,388,6,2017-07-06 12:15:54.880048990,2017-07-06 12:43:10.402137041,2017-07-06 12:43:16.796440125,2017-07-06 12:48:32.342393160,2017-07-06 12:48:38.632427931,2017-07-06 13:00:10.400480032
thursday|Web Attack - SQL Injection,7,2,4,0,2017-07-06 13:35:45.732949972,2017-07-06 13:41:20.992304087,2017-07-06 13:41:34.345595837,2017-07-06 13:41:46.489086866,2017-07-06 13:41:54.064530849,2017-07-06 13:42:50.310628176
thursday|Web Attack - SQL Injection - Attempted,1,0,2,2,2017-07-06 13:35:27.852814198,2017-07-06 13:35:27.852814198,,,2017-07-06 13:35:33.801349163,2017-07-06 13:35:45.720612049
thursday|Web Attack - XSS,9,2,5,2,2017-07-06 13:16:16.603214025,2017-07-06 13:24:44.263170004,2017-07-06 13:26:51.162032127,2017-07-06 13:27:55.703973055,2017-07-06 13:30:07.664614916,2017-07-06 13:34:28.136240959
thursday|Web Attack - XSS - Attempted,363,89,197,6,2017-07-06 13:15:35.283859015,2017-07-06 13:26:39.663312912,2017-07-06 13:26:46.078238964,2017-07-06 13:29:21.418781042,2017-07-06 13:29:27.793081045,2017-07-06 13:35:21.109336138
tuesday|BENIGN,176284,43732,94532,558,2017-07-04 11:53:44.398273945,2017-07-04 16:39:46.381046057,2017-07-04 16:39:46.422528982,2017-07-04 17:39:38.790296078,2017-07-04 17:39:38.807870865,2017-07-04 20:00:30.041662931
tuesday|FTP-Patator,2215,549,1192,16,2017-07-04 12:19:20.152475834,2017-07-04 12:53:22.414577961,2017-07-04 12:53:31.170633078,2017-07-04 13:02:02.832592964,2017-07-04 13:02:12.326782942,2017-07-04 13:20:13.627944946
tuesday|FTP-Patator - Attempted,2,0,4,6,2017-07-04 12:17:52.838272095,2017-07-04 12:22:57.275274038,,,2017-07-04 12:24:34.048240185,2017-07-04 12:24:34.048803091
tuesday|SSH-Patator,1651,406,888,16,2017-07-04 17:09:01.049615860,2017-07-04 17:43:24.388978004,2017-07-04 17:43:37.697664976,2017-07-04 17:51:53.052645206,2017-07-04 17:52:04.287352085,2017-07-04 19:04:15.353690147
tuesday|SSH-Patator - Attempted,15,4,8,0,2017-07-04 17:30:10.220178843,2017-07-04 18:08:51.786640882,2017-07-04 18:08:53.087496042,2017-07-04 18:09:01.993438005,2017-07-04 18:09:03.999535084,2017-07-04 18:09:06.297231197
wednesday|BENIGN,178498,44595,95736,290,2017-07-05 11:42:42.084372044,2017-07-05 16:45:39.916762829,2017-07-05 16:45:39.989402056,2017-07-05 17:38:39.865741968,2017-07-05 17:38:43.516525030,2017-07-05 20:10:14.557249069
wednesday|DoS GoldenEye,3980,329,2270,988,2017-07-05 14:10:03.231752872,2017-07-05 14:13:58.674265146,2017-07-05 14:14:06.842757225,2017-07-05 14:17:24.990186930,2017-07-05 14:17:59.366334915,2017-07-05 14:19:49.515444994
wednesday|DoS GoldenEye - Attempted,44,8,24,4,2017-07-05 14:10:03.272375107,2017-07-05 14:11:22.170340061,2017-07-05 14:11:22.188549042,2017-07-05 14:11:22.188717127,2017-07-05 14:11:22.192588091,2017-07-05 14:11:34.247394085
wednesday|DoS Hulk,88675,22089,47540,164,2017-07-05 13:43:23.194703817,2017-07-05 13:53:07.006742001,2017-07-05 13:53:07.023742914,2017-07-05 13:55:37.656543016,2017-07-05 13:55:37.708481073,2017-07-05 14:01:34.512067080
wednesday|DoS Hulk - Attempted,32,0,174,375,2017-07-05 13:44:26.848472118,2017-07-05 13:58:10.194165945,,,2017-07-05 14:00:57.616628885,2017-07-05 14:07:21.326170921
wednesday|DoS Slowhttptest,704,138,522,376,2017-07-05 13:15:37.936810017,2017-07-05 13:22:18.884366035,2017-07-05 13:22:22.553966999,2017-07-05 13:25:54.882054806,2017-07-05 13:25:59.498506069,2017-07-05 13:35:18.764957905
wednesday|DoS Slowhttptest - Attempted,1607,432,1010,319,2017-07-05 13:15:38.709208012,2017-07-05 13:25:59.017971992,2017-07-05 13:26:02.025311947,2017-07-05 13:32:49.031866789,2017-07-05 13:32:49.035945892,2017-07-05 13:37:49.330190182
wednesday|DoS Slowloris,1871,232,1158,598,2017-07-05 12:48:54.539219856,2017-07-05 12:59:57.851279974,2017-07-05 13:00:38.000827789,2017-07-05 13:02:53.937057018,2017-07-05 13:03:52.803231955,2017-07-05 13:10:11.354290962
wednesday|DoS Slowloris - Attempted,1031,257,554,5,2017-07-05 12:48:46.211817026,2017-07-05 12:58:40.023186922,2017-07-05 12:58:43.025582075,2017-07-05 13:02:57.154855013,2017-07-05 13:03:00.176623106,2017-07-05 13:10:34.560235023
wednesday|Heartbleed,6,2,3,0,2017-07-05 18:12:15.650810957,2017-07-05 18:22:16.969602108,2017-07-05 18:24:17.224705935,2017-07-05 18:26:17.478448153,2017-07-05 18:28:17.732008934,2017-07-05 18:32:18.242051125
