run_id,experiment,family,params,fit_s,val_pred_us_per_row,best_iteration,converged,val_pr_auc,val_roc_auc,val_recall@0.1%,val_fpr@0.1%,val_fp@0.1%,val_fn@0.1%,val_recall@1%,val_fpr@1%
E1_primary__lgbm__0b8c6aaad7,E1_primary,lgbm,"{""learning_rate"": 0.05, ""min_child_samples"": 500, ""n_estimators"": 3000, ""num_leaves"": 15}",30.287201040999207,3.1437800997274747,446.0,,0.9999625392055553,0.9999895522399267,0.9998695368558382,0.0008573078727935603,190,9,1.0,0.001340107569577302
E1_primary__lgbm__5d21f73d36,E1_primary,lgbm,"{""learning_rate"": 0.05, ""min_child_samples"": 500, ""n_estimators"": 3000, ""num_leaves"": 255}",29.564367957995273,5.523333757729755,159.0,,0.999937531163242,0.9999855469043996,0.9998405450460245,0.000902429339782695,200,11,1.0,0.008762588889289968
E1_primary__lgbm__6a2ae79cad,E1_primary,lgbm,"{""learning_rate"": 0.05, ""min_child_samples"": 20, ""n_estimators"": 3000, ""num_leaves"": 15}",14.93390295899735,0.921388074715704,170.0,,0.9999240091014786,0.9999582961153997,0.9996520982822352,0.0009701115402663971,215,24,0.9999565122852794,0.0031945998628307402
E1_primary__lgbm__99966b1299,E1_primary,lgbm,"{""learning_rate"": 0.05, ""min_child_samples"": 500, ""n_estimators"": 3000, ""num_leaves"": 63}",17.487433834001422,1.9290392486150372,162.0,,0.9999725048063397,0.9999932821111379,0.9998115532362107,0.0008663321661913872,192,13,1.0,0.003068259755261163
E1_primary__lgbm__a9b520a857,E1_primary,lgbm,"{""learning_rate"": 0.05, ""min_child_samples"": 100, ""n_estimators"": 3000, ""num_leaves"": 255}",26.074662332997832,4.346546390514312,149.0,,0.9976517341773995,0.9998022731334959,0.9999565122852794,0.000997184420459878,221,3,1.0,0.005315308811320074
E1_primary__lgbm__ae2b36847a,E1_primary,lgbm,"{""learning_rate"": 0.05, ""min_child_samples"": 20, ""n_estimators"": 3000, ""num_leaves"": 63}",15.215265625003667,1.7204226021762947,143.0,,0.9998831866031466,0.9999521479271645,0.9998840327607451,0.0009836479803631375,218,8,0.9999275204754656,0.007693210121647475
E1_primary__lgbm__aee2f8a9ee,E1_primary,lgbm,"{""learning_rate"": 0.05, ""min_child_samples"": 100, ""n_estimators"": 3000, ""num_leaves"": 15}",27.57200775000092,2.461639322939287,379.0,,0.9999388821908001,0.9999844784377416,0.9998840327607451,0.0009926722737609644,220,8,0.9999855040950931,0.0010287694473522723
E1_primary__lgbm__d9ae187f20,E1_primary,lgbm,"{""learning_rate"": 0.05, ""min_child_samples"": 100, ""n_estimators"": 3000, ""num_leaves"": 63}",18.4913532089995,2.0186186594462017,178.0,,0.9998718629677865,0.9999762383493572,0.999898528665652,0.000988160127062051,219,7,0.9999855040950931,0.0026937515792513447
E1_primary__lgbm__e28cdf778c,E1_primary,lgbm,"{""learning_rate"": 0.05, ""min_child_samples"": 20, ""n_estimators"": 3000, ""num_leaves"": 255}",25.620699749997584,4.801090410121022,146.0,,0.9984329814159677,0.9997716579058227,0.999898528665652,0.0004692632566870014,104,7,0.9999710081901863,0.0067140742879832505
E1_primary__lr__0587332323,E1_primary,lr,"{""C"": 10.0, ""class_weight"": null, ""max_iter"": 2000}",15.125120917000459,1.6450489902244487,,True,0.9960636212803965,0.9994019859714146,0.9792273682684641,0.000997184420459878,221,1433,0.9963035442487497,0.00989513771071725
E1_primary__lr__30ff85e48f,E1_primary,lr,"{""C"": 0.1, ""class_weight"": ""balanced"", ""max_iter"": 2000}",12.04030458300258,1.6095829516815103,,True,0.995891149633546,0.9993080724909631,0.9692106979778212,0.000997184420459878,221,2124,0.9955497571935928,0.009917698444211817
E1_primary__lr__7066d63813,E1_primary,lr,"{""C"": 1.0, ""class_weight"": ""balanced"", ""max_iter"": 2000}",19.49559295799554,1.665021272573945,,True,0.9961888937378534,0.9993902798989805,0.9716605059070812,0.000997184420459878,221,1955,0.9964050155830978,0.00990867415081399
E1_primary__lr__73f24a8077,E1_primary,lr,"{""C"": 0.1, ""class_weight"": null, ""max_iter"": 2000}",12.087072665999585,1.6671121403696687,,True,0.9956800797031427,0.9991678025816928,0.9757048633760963,0.000997184420459878,221,1676,0.9952453431905487,0.009967332057899866
E1_primary__lr__7cf5d1f3c9,E1_primary,lr,"{""C"": 10.0, ""class_weight"": ""balanced"", ""max_iter"": 2000}",18.78956033299619,2.9615379564964437,,True,0.9962304798365088,0.9994312075583008,0.972428788867145,0.000997184420459878,221,1902,0.9964629992027252,0.00995830776450204
E1_primary__lr__b59bf77288,E1_primary,lr,"{""C"": 0.01, ""class_weight"": null, ""max_iter"": 2000}",6.156023249997816,1.7599713016677294,,True,0.9946802318862638,0.9988524768821178,0.9697760382691889,0.000997184420459878,221,2085,0.9875190258751902,0.00997184420459878
E1_primary__lr__f862166e0d,E1_primary,lr,"{""C"": 0.01, ""class_weight"": ""balanced"", ""max_iter"": 2000}",6.376435042002413,1.6708711980777364,,True,0.9950005862863411,0.9990029093087018,0.9661375661375662,0.000997184420459878,221,2336,0.989142567224759,0.009917698444211817
E1_primary__lr__fed9915f86,E1_primary,lr,"{""C"": 1.0, ""class_weight"": null, ""max_iter"": 2000}",12.905816917002085,1.7372372913255456,,True,0.9964022611069363,0.9993840723205997,0.9738348916431108,0.000997184420459878,221,1805,0.9962020729144017,0.009831967656932462
E1_primary__rf__080470da2a,E1_primary,rf,"{""max_depth"": null, ""max_features"": ""sqrt"", ""min_samples_leaf"": 5, ""n_estimators"": 25}",17.81560575000185,0.6063562484270683,,,0.999690261895598,0.9999546018586535,0.9999710081901863,0.000988160127062051,219,2,1.0,0.0034111829043785872
E1_primary__rf__57f55682f4,E1_primary,rf,"{""max_depth"": null, ""max_features"": ""sqrt"", ""min_samples_leaf"": 1, ""n_estimators"": 100}",64.33671362500172,1.1950987684336278,,,0.9997663907044855,0.9999635589456916,0.9999710081901863,0.0006181640977511461,137,2,1.0,0.001452911237050139
E1_primary__rf__63b3d396c3,E1_primary,rf,"{""max_depth"": null, ""max_features"": ""sqrt"", ""min_samples_leaf"": 5, ""n_estimators"": 100}",61.42130887499661,5.063913196061984,,,0.9998795358645801,0.9999792553098931,0.9999710081901863,0.0007806013789120312,173,2,1.0,0.0026892394325524313
E1_primary__rf__9fb3e0cf1e,E1_primary,rf,"{""max_depth"": 20, ""max_features"": ""sqrt"", ""min_samples_leaf"": 1, ""n_estimators"": 100}",63.89374512500217,0.959483649858548,,,0.9995945094953252,0.9999423512021302,0.9999855040950931,0.0007715770855142042,171,1,1.0,0.0024275349240154495
E1_primary__rf__d0827c7514,E1_primary,rf,"{""max_depth"": 20, ""max_features"": ""sqrt"", ""min_samples_leaf"": 5, ""n_estimators"": 100}",63.66273129199544,1.0132787250082662,,,0.9996731792686098,0.9999555555021828,0.9999710081901863,0.0009791358336642241,217,2,1.0,0.00297350467458398
E2_random__lgbm__820fc7aaa4,E2_random,lgbm,"{""learning_rate"": 0.05, ""min_child_samples"": 500, ""n_estimators"": 3000, ""num_leaves"": 63}",26.39304295799957,3.267621575655432,262.0,,0.9999993773133196,0.9999998346149841,1.0,0.00023293629640247808,52,0,1.0,0.00023293629640247808
E2_random__lr__ed3d36e75b,E2_random,lr,"{""C"": 10.0, ""class_weight"": null, ""max_iter"": 2000}",17.459735500000534,1.6108933258051756,,True,0.9978549872286263,0.9992121552565093,0.9577733497265443,0.000998938348033704,223,2988,0.9935981684826387,0.009949067582882765
E2_random__rf__d209177c75,E2_random,rf,"{""max_depth"": null, ""max_features"": ""sqrt"", ""min_samples_leaf"": 5, ""n_estimators"": 100}",69.14425704099995,5.492824923983464,,,0.9999982855620991,0.9999995062822046,0.9999717358431904,0.0005509839318750924,123,2,1.0,0.00399127384797323
E3_dst_port__lgbm__df14ca5ef5,E3_dst_port,lgbm,"{""learning_rate"": 0.05, ""min_child_samples"": 500, ""n_estimators"": 3000, ""num_leaves"": 63}",18.697898124999483,2.2876498146989825,188.0,,0.9999274964324913,0.9999842743985794,1.0,0.0009159657798794355,203,0,1.0,0.0009159657798794355
E3_no_header_length__lgbm__8260212cd6,E3_no_header_length,lgbm,"{""learning_rate"": 0.05, ""min_child_samples"": 500, ""n_estimators"": 3000, ""num_leaves"": 63}",17.573291542001243,2.1502012463412905,182.0,,0.9999642573550414,0.9999903573099803,0.9998550409509314,0.0008573078727935603,190,10,1.0,0.0020846117748980256
E3_no_tcp_window__lgbm__2d9c77885e,E3_no_tcp_window,lgbm,"{""learning_rate"": 0.05, ""min_child_samples"": 500, ""n_estimators"": 3000, ""num_leaves"": 63}",16.53604416699818,1.9651629543442026,163.0,,0.9999064440297457,0.9999766173539821,0.9998695368558382,0.0007174313251272425,159,9,1.0,0.0016514456918023319
E4_excl_attempted__lgbm__5531df882c,E4_excl_attempted,lgbm,"{""learning_rate"": 0.05, ""min_child_samples"": 500, ""n_estimators"": 3000, ""num_leaves"": 63}",19.4501933749998,2.2568982239245017,192.0,,0.9999476394693675,0.999986886297848,0.9999855040950931,0.0006997423675828445,154,1,1.0,0.0019492823096950668
