label,n,rank,feature,group,mean_abs,share,mean_signed,sd,median_value
Botnet,221,1,Bwd Init Win Bytes,tcp_window,3.91906,0.262616,3.91906,0.749054,237
Botnet,221,2,Subflow Bwd Bytes,bwd_size,1.34298,0.0899929,1.34298,0.347556,14
Botnet,221,3,Bwd Packet Length Mean,bwd_size,1.0408,0.0697439,1.0408,0.128552,32
Botnet,221,4,RST Flag Count,flags,0.938363,0.0628796,-0.938363,0.142596,0
Botnet,221,5,Bwd Segment Size Avg,bwd_size,0.580145,0.0388754,0.580145,0.137006,32
Botnet,221,6,Packet Length Mean,pkt_size_both,0.529796,0.0355016,0.529796,0.122757,35.8889
Botnet,221,7,Total Length of Bwd Packet,bwd_size,0.507105,0.033981,0.506063,0.192786,128
Botnet,221,8,Bwd Packet Length Min,bwd_size,0.491923,0.0329637,0.491923,0.029314,0
Botnet,221,9,Bwd PSH Flags,flags,0.38072,0.025512,0.285131,0.269725,1
Botnet,221,10,Fwd Packet Length Max,fwd_size,0.301507,0.020204,0.264347,0.173695,195
DDoS,28543,1,RST Flag Count,flags,7.00474,0.449119,7.00474,0.403088,1
DDoS,28543,2,Bwd Packet Length Std,bwd_size,2.99548,0.19206,2.99485,0.397163,3125.17
DDoS,28543,3,Bwd Init Win Bytes,tcp_window,1.36129,0.0872811,1.36129,0.130858,229
DDoS,28543,4,Bwd PSH Flags,flags,0.831615,0.0533203,0.661772,0.54139,1
DDoS,28543,5,Packet Length Mean,pkt_size_both,0.41166,0.0263942,0.410401,0.066009,893.462
DDoS,28543,6,Fwd Packet Length Max,fwd_size,0.3068,0.0196709,0.3068,0.210534,20
DDoS,28543,7,FIN Flag Count,flags,0.245955,0.0157698,0.148122,0.202775,1
DDoS,28543,8,Fwd Seg Size Min,header_length,0.229246,0.0146984,-0.229246,0.0274549,20
DDoS,28543,9,Bwd Packet Length Mean,bwd_size,0.190133,0.0121906,0.189669,0.0540317,2319
DDoS,28543,10,Fwd Packet Length Std,fwd_size,0.145319,0.00931735,0.145319,0.0992193,7.07107
DoS GoldenEye,2270,1,Bwd Packet Length Std,bwd_size,5.45009,0.304322,5.4395,1.91692,2544.92
DoS GoldenEye,2270,2,Bwd Init Win Bytes,tcp_window,3.77052,0.210539,3.50033,1.9379,235
DoS GoldenEye,2270,3,RST Flag Count,flags,2.55418,0.14262,-0.0315233,3.01847,0
DoS GoldenEye,2270,4,FIN Flag Count,flags,1.01581,0.0567208,1.01581,0.5107,1
DoS GoldenEye,2270,5,Bwd Packet Length Min,bwd_size,0.532638,0.0297415,0.532638,0.217917,0
DoS GoldenEye,2270,6,Bwd PSH Flags,flags,0.517399,0.0288905,0.516338,0.256421,1
DoS GoldenEye,2270,7,Active Min,timing,0.435478,0.0243163,0.421285,0.249451,908
DoS GoldenEye,2270,8,Fwd Packet Length Max,fwd_size,0.29413,0.0164237,-0.292476,0.43406,416
DoS GoldenEye,2270,9,Fwd Seg Size Min,header_length,0.260156,0.0145266,0.255946,0.108976,32
DoS GoldenEye,2270,10,Bwd IAT Total,timing,0.2091,0.0116757,-0.12686,0.295971,1.14376e+07
DoS Hulk,47540,1,RST Flag Count,flags,6.99748,0.452318,6.99715,0.660292,2
DoS Hulk,47540,2,Bwd Packet Length Std,bwd_size,2.84793,0.184091,2.84792,0.654196,2181.01
DoS Hulk,47540,3,Bwd Init Win Bytes,tcp_window,1.4943,0.0965915,1.49425,0.176617,235
DoS Hulk,47540,4,Bwd PSH Flags,flags,1.14757,0.0741793,1.05739,0.484945,1
DoS Hulk,47540,5,Packet Length Mean,pkt_size_both,0.396541,0.0256324,0.395999,0.0522002,852.357
DoS Hulk,47540,6,FIN Flag Count,flags,0.266417,0.0172212,0.12768,0.244329,1
DoS Hulk,47540,7,Flow Duration,timing,0.166758,0.0107792,-0.166601,0.0503084,164005
DoS Hulk,47540,8,Bwd Packets/s,rates,0.150847,0.00975076,-0.150814,0.041275,37.976
DoS Hulk,47540,9,Packet Length Max,pkt_size_both,0.143171,0.00925459,0.140294,0.0296769,5792
DoS Hulk,47540,10,Fwd Seg Size Min,header_length,0.134116,0.00866928,-0.0912536,0.127865,20
DoS Slowhttptest,522,1,RST Flag Count,flags,3.4119,0.208131,2.33557,3.42417,1
DoS Slowhttptest,522,2,Bwd Init Win Bytes,tcp_window,2.06953,0.126244,1.91127,1.4931,235
DoS Slowhttptest,522,3,Bwd Packet Length Mean,bwd_size,1.01044,0.0616383,0.762566,0.909834,0
DoS Slowhttptest,522,4,Bwd IAT Max,timing,0.801056,0.0488655,0.800394,0.762873,1.08883e+08
DoS Slowhttptest,522,5,Total Length of Bwd Packet,bwd_size,0.716563,0.0437113,0.63121,0.924586,0
DoS Slowhttptest,522,6,Bwd PSH Flags,flags,0.696856,0.0425092,0.692861,0.40406,0
DoS Slowhttptest,522,7,FIN Flag Count,flags,0.610241,0.0372255,0.320916,0.695831,0
DoS Slowhttptest,522,8,Fwd Seg Size Min,header_length,0.468613,0.028586,0.203622,0.436969,32
DoS Slowhttptest,522,9,Bwd Packet Length Min,bwd_size,0.376722,0.0229805,0.376722,0.245178,0
DoS Slowhttptest,522,10,Active Min,timing,0.375614,0.022913,0.355856,0.250439,5287
DoS Slowloris,1158,1,RST Flag Count,flags,4.25215,0.24728,3.48289,3.41399,1
DoS Slowloris,1158,2,Bwd Init Win Bytes,tcp_window,1.64319,0.0955582,1.38494,1.57909,235
DoS Slowloris,1158,3,Bwd PSH Flags,flags,0.807518,0.0469605,0.807518,0.509348,0
DoS Slowloris,1158,4,Bwd Packet Length Mean,bwd_size,0.759994,0.0441968,0.603754,0.728652,0
DoS Slowloris,1158,5,Flow Duration,timing,0.744174,0.0432768,0.670465,1.52648,1.00002e+08
DoS Slowloris,1158,6,Bwd IAT Max,timing,0.513686,0.029873,0.509372,0.817511,7.11499e+07
DoS Slowloris,1158,7,Fwd Seg Size Min,header_length,0.482139,0.0280384,0.295432,0.431326,32
DoS Slowloris,1158,8,FIN Flag Count,flags,0.423197,0.0246107,0.247593,0.47159,0
DoS Slowloris,1158,9,Fwd IAT Min,timing,0.387997,0.0225637,-0.186746,0.420384,383
DoS Slowloris,1158,10,Total Length of Bwd Packet,bwd_size,0.37404,0.021752,0.319063,0.658884,0
FTP-Patator,1192,1,RST Flag Count,flags,7.02142,0.409251,6.98934,0.837104,2
FTP-Patator,1192,2,Fwd Packet Length Max,fwd_size,2.39616,0.139663,2.39616,0.274619,23
FTP-Patator,1192,3,Fwd Packet Length Std,fwd_size,1.43276,0.0835098,1.43242,0.114844,9.25694
FTP-Patator,1192,4,Bwd RST Flags,flags,1.20742,0.0703758,1.20711,0.114534,2
FTP-Patator,1192,5,Bwd Packet Length Mean,bwd_size,0.763084,0.0444772,0.763084,0.0872149,11.0588
FTP-Patator,1192,6,Down/Up Ratio,counts_direction,0.371798,0.0216707,0.371184,0.0588228,1.54545
FTP-Patator,1192,7,Flow Duration,timing,0.370768,0.0216106,-0.370768,0.00899359,8.94997e+06
FTP-Patator,1192,8,Bwd IAT Total,timing,0.355372,0.0207133,-0.355372,0.0484852,8.94993e+06
FTP-Patator,1192,9,Fwd PSH Flags,flags,0.318271,0.0185508,0.316472,0.0436809,7
FTP-Patator,1192,10,Packet Length Std,pkt_size_both,0.304784,0.0177647,0.304784,0.0410819,12.3213
Infiltration - Portscan,21530,1,RST Flag Count,flags,5.04831,0.319754,3.49814,4.66622,1
Infiltration - Portscan,21530,2,Flow Duration,timing,3.67564,0.232811,3.66984,2.49261,48
Infiltration - Portscan,21530,3,Bwd Packet Length Mean,bwd_size,0.720398,0.0456292,0.719896,0.441378,0
Infiltration - Portscan,21530,4,Bwd PSH Flags,flags,0.716665,0.0453927,0.699999,0.400455,0
Infiltration - Portscan,21530,5,Fwd Seg Size Min,header_length,0.633178,0.0401047,0.616457,0.529755,24
Infiltration - Portscan,21530,6,Fwd IAT Min,timing,0.567771,0.0359619,0.566453,0.427019,3
Infiltration - Portscan,21530,7,Down/Up Ratio,counts_direction,0.527383,0.0334038,0.497833,0.625105,1
Infiltration - Portscan,21530,8,Bwd Packet Length Min,bwd_size,0.415271,0.0263028,0.415271,0.272188,0
Infiltration - Portscan,21530,9,Bwd Segment Size Avg,bwd_size,0.325045,0.020588,0.324636,0.209489,0
Infiltration - Portscan,21530,10,FIN Flag Count,flags,0.254508,0.0161203,0.25374,0.110261,0
Portscan,47720,1,RST Flag Count,flags,7.29722,0.50131,7.28817,1.23894,1
Portscan,47720,2,Flow Duration,timing,2.26278,0.15545,2.25818,1.24573,47
Portscan,47720,3,Bwd PSH Flags,flags,1.1666,0.0801441,1.1666,0.052857,0
Portscan,47720,4,FIN Flag Count,flags,0.305581,0.020993,0.304297,0.0326741,0
Portscan,47720,5,Fwd Seg Size Min,header_length,0.297043,0.0204065,0.294407,0.108205,40
Portscan,47720,6,Bwd Packet Length Mean,bwd_size,0.226437,0.0155559,0.226433,0.0718754,0
Portscan,47720,7,Total Length of Fwd Packet,fwd_size,0.20419,0.0140276,0.204106,0.0204997,0
Portscan,47720,8,Fwd Packet Length Max,fwd_size,0.200127,0.0137485,0.2,0.00890153,0
Portscan,47720,9,Bwd Init Win Bytes,tcp_window,0.195267,0.0134146,-0.17976,0.166333,0
Portscan,47720,10,Total TCP Flow Time,timing,0.194844,0.0133856,0.194625,0.155458,47
SSH-Patator,888,1,Bwd Init Win Bytes,tcp_window,4.04292,0.248703,4.04193,0.537519,247
SSH-Patator,888,2,Fwd PSH Flags,flags,3.58983,0.220831,3.58789,0.703134,16
SSH-Patator,888,3,Bwd Packet Length Mean,bwd_size,1.08511,0.0667511,1.07675,0.229562,83.1818
SSH-Patator,888,4,Total Fwd Packet,counts_direction,1.00394,0.0617581,1.00394,0.19391,22
SSH-Patator,888,5,Bwd IAT Total,timing,0.765438,0.0470864,0.751429,0.193893,1.20567e+07
SSH-Patator,888,6,Bwd PSH Flags,flags,0.697296,0.0428947,-0.697296,0.0563254,15
SSH-Patator,888,7,Bwd Packet Length Min,bwd_size,0.584059,0.0359288,0.583542,0.0561663,0
SSH-Patator,888,8,Active Min,timing,0.451678,0.0277853,0.44626,0.0871462,0
SSH-Patator,888,9,Total Length of Fwd Packet,fwd_size,0.440272,0.0270836,0.439113,0.0931979,2008
SSH-Patator,888,10,Fwd Seg Size Min,header_length,0.348307,0.0214263,0.348307,0.0359757,32
