feature,role,bal_acc_binary,mi_binary_sample,n_attacks_bal_acc>=0.99
Dst IP,identifier/metadata/under experiment,0.992003304358877,,8
Total Length of Bwd Packet,candidate,0.9567894221493323,0.5893307075960335,3
Bwd Packet Length Mean,candidate,0.9553494382482137,0.5933740559381753,4
Bwd Segment Size Avg,candidate,0.9552733759554797,0.5939937825285388,4
Packet Length Max,candidate,0.9507051361082897,0.5750024188860512,5
Bwd Packet Length Max,candidate,0.9485313267042496,0.5633369486854827,6
Packet Length Mean,candidate,0.9470134482642187,0.5704209606217814,3
Average Packet Size,candidate,0.9466970870797348,0.5690565559757195,3
Subflow Bwd Bytes,candidate,0.9438168179802846,0.5758677661940521,3
Packet Length Std,candidate,0.9411358725326509,0.5622341691989496,4
Packet Length Variance,candidate,0.9410381727621877,0.562645342613485,5
Dst Port,identifier/metadata/under experiment,0.9380777781014316,,6
Fwd Packet Length Max,candidate,0.9309804472092222,0.5281280202769836,5
Src IP,identifier/metadata/under experiment,0.9266245338525629,,12
Total Length of Fwd Packet,candidate,0.9193115477791676,0.5031506103590639,1
RST Flag Count,candidate,0.9102688860353809,0.40239652640616064,0
ACK Flag Count,candidate,0.8915561782073915,0.44548836515710044,3
t,identifier/metadata/under experiment,0.8873781475846577,,0
Bwd Header Length,candidate,0.8833747302418666,0.5322332832267447,3
Total TCP Flow Time,candidate,0.8831360786254614,0.5509327303648868,2
Fwd Header Length,candidate,0.8584125799405591,0.5176768990714442,4
FWD Init Win Bytes,candidate,0.8473235041685456,0.3949355426775474,1
SYN Flag Count,candidate,0.8335271279442488,0.35968936279254615,1
Fwd Packet Length Min,candidate,0.8142746115177155,0.2935361996363266,0
Packet Length Min,candidate,0.8138129875382426,0.29341968549376674,0
Fwd Seg Size Min,candidate,0.8132147791298323,0.37674511182654613,2
Flow Duration,candidate,0.8116931216557424,0.48479402351609524,1
Bwd Packet Length Min,candidate,0.8109787618790343,0.2881602180063456,0
Flow IAT Max,candidate,0.8097407343729862,0.45741326862864384,4
Total Bwd packets,candidate,0.8090110386531308,0.26494984473798433,2
Bwd IAT Max,candidate,0.8052807164662295,0.3013349325264687,3
Bwd IAT Total,candidate,0.8039374002943873,0.2926113733376565,1
Bwd IAT Mean,candidate,0.800782589051664,0.2650972454258216,3
Subflow Fwd Bytes,candidate,0.8000303796164927,0.29222643693923334,3
Flow Bytes/s,candidate,0.7992970953426701,0.3441716038302034,0
Fwd Segment Size Avg,candidate,0.799155777225085,0.4392830832168346,4
Fwd Packet Length Mean,candidate,0.7988411190990337,0.4374590027193217,4
Total Fwd Packet,candidate,0.7760638714054056,0.2203788565948217,2
Bwd Packet Length Std,candidate,0.7603312114717617,0.30672733810091435,5
Bwd Init Win Bytes,candidate,0.7585426329047984,0.29501401135560634,3
Flow ID,identifier/metadata/under experiment,0.7398521651716068,,0
Bwd IAT Min,candidate,0.7296148143889605,0.20388625084914636,0
PSH Flag Count,candidate,0.7271352938585882,0.18445512864288438,2
Flow IAT Min,candidate,0.7251856034501304,0.16371247697238656,0
Flow Packets/s,candidate,0.7224636631978998,0.3581544823309242,2
Fwd RST Flags,candidate,0.7206892114289786,0.1344696034972639,0
Bwd PSH Flags,candidate,0.7201536124737864,0.17991657872338052,1
Fwd PSH Flags,candidate,0.7182276494053002,0.16451318010189842,3
Fwd IAT Total,candidate,0.7106125401968821,0.25217837309854274,1
Fwd IAT Mean,candidate,0.7099228315860078,0.20305987971865802,1
Fwd IAT Max,candidate,0.7093259045767564,0.26383445410967443,2
Src Port,identifier/metadata/under experiment,0.7066447221278951,,1
Fwd IAT Min,candidate,0.6998238902108289,0.11014973460822963,0
Bwd IAT Std,candidate,0.6982575492803005,0.16011006260463456,4
Bwd Packets/s,candidate,0.6924336000850251,0.36383172345304904,1
Fwd Packets/s,candidate,0.6923490576275539,0.37620428196572053,0
Bwd RST Flags,candidate,0.6849960017595244,0.11598667577907618,1
Flow IAT Mean,candidate,0.6714414514219803,0.3285739393137843,1
FIN Flag Count,candidate,0.6668305952974034,0.1168053139498697,0
Down/Up Ratio,candidate,0.6629805553699202,0.1491266540873759,1
Flow IAT Std,candidate,0.6585461248619265,0.22654358494175586,3
Fwd Packet Length Std,candidate,0.6552733069078784,0.2415060866690446,3
Fwd Act Data Pkts,candidate,0.6361384560384267,0.0978084873254188,2
Bwd Bytes/Bulk Avg,candidate,0.6288419552590336,0.12786516333043396,0
id,identifier/metadata/under experiment,0.6278609676729889,,0
source_row,identifier/metadata/under experiment,0.6220991899497896,,0
Bwd Bulk Rate Avg,candidate,0.6220077889168032,0.11243674749495658,0
Fwd IAT Std,candidate,0.616425356467558,0.11776608949635259,1
Bwd Packet/Bulk Avg,candidate,0.6062984456790966,0.06251217773470086,0
Idle Max,candidate,0.5931134724980178,0.07939274667203366,0
Active Min,candidate,0.5880248300217831,0.069448963262003,0
Idle Min,candidate,0.5845974654700445,0.06398503951546819,0
Idle Mean,candidate,0.5820749647006678,0.06986019608910965,0
Active Mean,candidate,0.5776458579776234,0.04823494442270104,0
Active Max,candidate,0.5674522245887801,0.046303068937653125,0
Active Std,candidate,0.5610594501680983,0.04514349398071493,0
Idle Std,candidate,0.5600939846811887,0.04396269673588993,0
Fwd Bulk Rate Avg,candidate,0.523667489373166,0.01875677274433163,0
Subflow Fwd Packets,candidate,0.5236240094786446,0.006460600608765965,0
Fwd Bytes/Bulk Avg,candidate,0.52295279779391,0.018932661459720945,0
Fwd Packet/Bulk Avg,candidate,0.5218191917944563,0.012031668480730229,0
CWR Flag Count,candidate,0.5002107196074594,0.0,0
ECE Flag Count,candidate,0.5001881254280464,0.0,0
ICMP Type,candidate,0.5001598812239253,0.016255290342105377,0
ICMP Code,candidate,0.5001288061104002,0.012945784321395593,0
Fwd URG Flags,candidate,0.5000909554674122,0.002044221810091562,0
URG Flag Count,candidate,0.500085045786278,0.0011573340351445083,0
Subflow Bwd Packets,candidate,0.50001442244986,0.0,0
Bwd URG Flags,candidate,0.5,0.0,0
Protocol,candidate,0.5,0.2985296870008849,0
